{"name":"ea9956fa-58e1-48ec-9a3f-77ab3c793c66","id":"/providers/Microsoft.Flow/flows/ea9956fa-58e1-48ec-9a3f-77ab3c793c66","type":"Microsoft.Flow/flows","properties":{"apiId":"/providers/Microsoft.PowerApps/apis/shared_logicflows","displayName":"Infrequent Country Alert Triage - MDA","definition":{"metadata":{"workflowEntityId":null,"processAdvisorMetadata":null,"flowclientsuspensionreason":"None","flowclientsuspensiontime":null,"creator":{"id":"370e727f-78a1-4813-89fe-400b5ea84244","type":"User","tenantId":"a715de14-3171-4829-a3c3-ed9b566348b8"},"provisioningMethod":"FromDefinition","failureAlertSubscription":true,"clientLastModifiedTime":"2022-05-29T16:02:53.5950288Z"},"$schema":"https://schema.management.azure.com/providers/Microsoft.Logic/schemas/2016-06-01/workflowdefinition.json#","contentVersion":"1.0.0.0","parameters":{"$connections":{"defaultValue":{},"type":"Object"},"$authentication":{"defaultValue":{},"type":"SecureObject"}},"triggers":{"When_an_alert_is_generated":{"metadata":{"flowSystemMetadata":{"swaggerOperationId":"MCAS_ON_ALERT_GENERATED"},"operationMetadataId":"234a1381-c8a1-4c0e-805b-9585baf0ed61"},"type":"ApiConnectionWebhook","inputs":{"host":{"connection":{"name":"@parameters('$connections')['shared_cloudappsecurity']['connectionId']"},"api":{"runtimeUrl":"https://europe-002.azure-apim.net/apim/cloudappsecurity"}},"body":{"callback_url":"@{listCallbackUrl()}"},"path":"/cas/api/v1/ms_flow/","authentication":"@parameters('$authentication')"}}},"actions":{"Get_user_profile":{"runAfter":{},"metadata":{"flowSystemMetadata":{"swaggerOperationId":"UserProfile_V2"},"operationMetadataId":"e40d9ba4-831e-4a99-894a-474e79e22b49"},"type":"ApiConnection","inputs":{"host":{"connection":{"name":"@parameters('$connections')['shared_office365users']['connectionId']"},"api":{"runtimeUrl":"https://europe-002.azure-apim.net/apim/office365users"}},"method":"get","path":"/codeless/v1.0/users/@{encodeURIComponent(triggerBody()?['CompromisedEntity'])}","authentication":"@parameters('$authentication')"}},"Get_user_OOF":{"runAfter":{"Get_manager_info_of_user_":["Succeeded","TimedOut","Failed"]},"metadata":{"flowSystemMetadata":{"swaggerOperationId":"GetMailTips"},"operationMetadataId":"5251e291-0b5f-4250-a3d2-e980503c693c"},"type":"ApiConnection","inputs":{"host":{"connection":{"name":"@parameters('$connections')['shared_office365']['connectionId']"},"api":{"runtimeUrl":"https://europe-002.azure-apim.net/apim/office365"}},"method":"get","path":"/MailTips","queries":{"mailboxAddress":"@body('Get_user_profile')?['mail']"},"authentication":"@parameters('$authentication')"}},"Check_group_membership":{"runAfter":{"Get_user_OOF":["Succeeded","Failed"]},"metadata":{"flowSystemMetadata":{"swaggerOperationId":"CheckMemberGroups"},"operationMetadataId":"af830f1e-a626-4d22-b8db-ccdc5848f9d8"},"type":"ApiConnection","inputs":{"host":{"connection":{"name":"@parameters('$connections')['shared_azuread']['connectionId']"},"api":{"runtimeUrl":"https://europe-002.azure-apim.net/apim/azuread"}},"method":"post","body":{"groupIds":["aea6609f-6a75-40c6-8c2c-467843b09c22"]},"path":"/v1.0/users/@{encodeURIComponent(triggerBody()?['CompromisedEntity'])}/checkMemberGroups","authentication":"@parameters('$authentication')"},"description":"Add here the groups object IDs to exclude"},"Condition":{"actions":{"Resolve_Cloud_App_Security_alert":{"runAfter":{},"metadata":{"flowSystemMetadata":{"swaggerOperationId":"MCAS_RESOLVE_ALERT"},"operationMetadataId":"b190fd16-6096-462e-bc61-db9bdce9ab83"},"type":"ApiConnection","inputs":{"host":{"connection":{"name":"@parameters('$connections')['shared_cloudappsecurity']['connectionId']"},"api":{"runtimeUrl":"https://europe-002.azure-apim.net/apim/cloudappsecurity"}},"method":"post","body":{"filters":{"id":{"eq":["@triggerBody()?['ProviderAlertId']"]}},"comment":"Resolved using Microsoft Flow - user OOF is 'ON', and is not part of the 'Exec' group"},"path":"/cas/api/v1/alerts/resolve/","authentication":"@parameters('$authentication')"}}},"runAfter":{"Check_group_membership":["Succeeded"]},"else":{"actions":{"Compose_message":{"runAfter":{},"metadata":{"operationMetadataId":"d23d12e4-02c0-4dd2-8ea6-808a94fd52fd"},"type":"Compose","inputs":"<font size=\"3\" color=\"red\"><b>New MCAS alert !</b></font><br><br>\n<b>Severity</b>: @{triggerBody()?['Severity']}<br>\n<b>Alert</b>: @{triggerBody()?['AlertDisplayName']} <br>\n<b>Alert ID</b>: @{triggerBody()?['ProviderAlertId']}<br>\n<a href=\"@{concat('https://portal.cloudappsecurity.com/#/alerts/',triggerBody()?['ProviderAlertId'])}\">Alert direct link</a><br>\n<b>Description</b>:<br>\n @{triggerBody()?['Description']}<br><br>\n\nUser manager (<b>@{body('Get_manager_info_of_user_')?['displayName']}</b>) requested further investigation on <b>@{triggerBody()?['CompromisedEntity']}</b>\n<Br>\n---------------------------------------------------------------------------------\n<br>\n<b>Name</b>: @{body('Get_user_profile')?['displayName']}<br>\n<b>Email</b>: @{body('Get_user_profile')?['mail']}<br>\n<b>OOF message</b>: @{body('Get_user_OOF')?['value']?[0]?['automaticReplies']?['message']}<br>\n<b>Department</b>: @{body('Get_user_profile')?['department']}<br>\n<b>Title</b>: @{body('Get_user_profile')?['jobTitle']}<br>\n<b>Phone</b>: @{body('Get_user_profile')?['mobilePhone']}<br>\n<b>Country</b>: @{body('Get_user_profile')?['country']}<br>\n<b>City</b>: @{body('Get_user_profile')?['city']}\n"},"Post_a_message_in_SOC_team_channel":{"runAfter":{"Compose_message":["Succeeded"]},"metadata":{"flowSystemMetadata":{"swaggerOperationId":"PostMessageToChannelV3"},"operationMetadataId":"b45c2d65-2f06-41f1-bdb6-77e6093e6841"},"type":"ApiConnection","inputs":{"host":{"connection":{"name":"@parameters('$connections')['shared_teams']['connectionId']"},"api":{"runtimeUrl":"https://europe-002.azure-apim.net/apim/teams"}},"method":"post","body":{"body":{"content":"<p>@{outputs('Compose_message')}</p>","contentType":"html"}},"path":"/v3/beta/teams/@{encodeURIComponent('d05ba55c-593e-4bfa-8011-26e0626b5c14')}/channels/@{encodeURIComponent('19:8e52aee721394ab78563596463c067dc@thread.skype')}/messages","authentication":"@parameters('$authentication')"}}}},"expression":{"and":[{"equals":["@empty(body('Get_user_OOF')?['AutomaticReplies']?['Message'])","@false"]},{"not":{"contains":["@body('Check_group_membership')","aea6609f-6a75-40c6-8c2c-467843b09c22"]}}]},"metadata":{"operationMetadataId":"c8a802b2-ebaf-4c18-becc-6101ad09d8e9"},"type":"If","description":"If user OOF is turned on and the user is not part of the 'Executives' group"},"Get_manager_info_of_user_":{"runAfter":{"Get_user_profile":["Succeeded"]},"metadata":{"flowSystemMetadata":{"swaggerOperationId":"Manager_V2"},"operationMetadataId":"720cfe87-9177-48f5-8a0a-d158eaddcc4c"},"type":"ApiConnection","inputs":{"host":{"connection":{"name":"@parameters('$connections')['shared_office365users']['connectionId']"},"api":{"runtimeUrl":"https://europe-002.azure-apim.net/apim/office365users"}},"method":"get","path":"/codeless/v1.0/users/@{encodeURIComponent(triggerBody()?['CompromisedEntity'])}/manager","authentication":"@parameters('$authentication')"}}},"outputs":{}},"connectionReferences":{"shared_office365users":{"connectionName":"shared-office365user-5461de06-7680-49c2-bb30-ffe122719ea3","source":"Embedded","id":"/providers/Microsoft.PowerApps/apis/shared_office365users","tier":"NotSpecified"},"shared_office365":{"connectionName":"shared-office365-1756a46b-dc8a-44b1-b234-a69372afb6fa","source":"Embedded","id":"/providers/Microsoft.PowerApps/apis/shared_office365","tier":"NotSpecified"},"shared_azuread":{"connectionName":"shared-azuread-14b9e777-9493-44a0-bc8e-d23b1427b72e","source":"Embedded","id":"/providers/Microsoft.PowerApps/apis/shared_azuread","tier":"NotSpecified"},"shared_cloudappsecurity":{"connectionName":"shared-cloudappsecur-0ded854c-736e-47e7-b660-be5dde811032","source":"Embedded","id":"/providers/Microsoft.PowerApps/apis/shared_cloudappsecurity","tier":"NotSpecified"},"shared_teams":{"connectionName":"shared-teams-811c20cd-e59d-4ab6-9efe-45fbceb5798b","source":"Embedded","id":"/providers/Microsoft.PowerApps/apis/shared_teams","tier":"NotSpecified"}},"flowFailureAlertSubscribed":false,"isManaged":false}}